Time,Number
2025-03-10 00:00:00,1
2025-03-10 00:00:02,2
2025-03-10 00:00:04,3
2025-03-10 00:00:06,4
2025-03-10 00:00:08,5
2025-03-10 00:00:10,6
2025-03-10 00:00:12,7
2025-03-10 00:00:14,8
2025-03-10 00:00:16,9
2025-03-10 00:00:18,10
2025-03-10 00:00:20,11
2025-03-10 00:00:22,12
2025-03-10 00:00:24,13
2025-03-10 00:00:26,14
2025-03-10 00:00:28,15
2025-03-10 00:00:30,16
2025-03-10 00:00:32,17
2025-03-10 00:00:34,18
2025-03-10 00:00:36,19
2025-03-10 00:00:38,20
2025-03-10 00:00:40,21
2025-03-10 00:00:42,22
2025-03-10 00:00:44,23
2025-03-10 00:00:46,24
2025-03-10 00:00:48,25
2025-03-10 00:00:50,26
2025-03-10 00:00:52,27
2025-03-10 00:00:54,28
2025-03-10 00:00:56,29
2025-03-10 00:00:58,30
